REFYEAR,SEX,AGE,STAPRO,HWACTUAL,COEFF
2013,1,7,9,99,0.0690736761
2013,2,75,9,99,0.1629190797
2013,2,75,9,99,0.1866722308
2013,2,75,9,99,0.2340044119
2013,1,65,9,99,0.2349121987
2013,1,65,5,20,0.1199237211
2013,2,65,9,99,0.1326962191
2013,1,75,9,99,0.0617345861
2013,2,20,9,99,0.0215525864
2013,2,65,9,99,0.0671614211
2013,2,65,9,99,0.1550660474
2013,2,75,9,99,0.0791827693
2013,2,65,9,99,0.1195738569
2013,2,7,9,99,0.3169169214
2013,1,65,0,35,0.0977439819
2013,2,75,9,99,0.0662037019
2013,2,7,9,99,0.1272773031
2013,1,47,5,40,0.25703939
2013,1,32,5,48,0.209356763
2013,1,47,9,99,0.1412379081
2013,1,32,9,99,0.3142618175
2013,2,65,9,99,0.1731381135
2013,1,65,9,99,0.1633537688
2013,1,20,5,40,0.2600271632
2013,2,65,5,36,0.0478200378
2013,1,65,9,99,0.0501760605
2013,2,20,9,99,0.0956094287
2013,1,47,0,0,0.4724061755
2013,2,65,9,99,0.0785891995
2013,2,20,9,99,0.2428923929
2013,1,65,9,99,0.0335805598
2013,2,20,9,99,0.136479897
2013,2,47,5,0,0.189855036
2013,1,32,5,0,0.2104693144
2013,2,47,9,99,0.1092470788
2013,1,20,9,99,0.0236938445
2013,1,20,5,40,0.1283738114
2013,1,75,9,99,0.0254494628
2013,1,7,9,99,0.0999926225
2013,1,32,5,40,0.0500585767
2013,1,7,9,99,0.1089749904
2013,1,47,9,99,0.1387571382
2013,2,20,9,99,0.2272038519
2013,2,47,0,40,0.0349239764
2013,2,32,5,40,0.177746771
2013,2,20,9,99,0.1933036862
2013,1,20,9,99,0.1389569909
2013,1,65,9,99,0.0808790299
2013,1,75,9,99,0.0263846246
2013,2,65,9,99,0.0694807961
2013,2,47,9,99,0.1065899571
2013,2,65,9,99,0.0862417751
2013,1,20,9,99,0.2088861241
2013,1,47,5,40,0.1311091623
2013,1,65,9,99,0.1080661574
2013,1,20,5,40,0.0973545825
2013,1,32,0,40,0.0516948619
2013,2,32,9,99,0.1344168804
2013,1,20,9,99,0.1541508321
2013,2,47,5,36,0.0563727036
2013,2,65,9,99,0.0756633926
2013,2,20,9,99,0.0700945578
2013,1,65,5,0,0.0618057874
2013,1,7,9,99,0.0636042779
2013,1,65,9,99,0.1379834785
2013,2,7,9,99,0.1597565572
2013,1,75,9,99,0.1828669694
2013,1,7,9,99,0.1472142179
2013,2,65,5,25,0.1273064713
2013,2,65,0,40,0.2334930076
2013,1,65,9,99,0.059632665
2013,2,7,9,99,0.0848878767
2013,1,65,5,0,0.0876503793
2013,1,47,5,40,0.1003965003
2013,1,65,5,36,0.1409987381
2013,1,32,5,50,0.2640853609
2013,2,47,5,32,0.0672284655
2013,1,32,9,99,0.1648134119
2013,2,65,9,99,0.0682382435
2013,2,65,9,99,0.1107836608
2013,2,32,9,99,0.2482599327
2013,1,47,5,40,0.1033050616
2013,1,32,0,NA,0.1321624249
2013,1,47,5,40,0.0625590885
2013,1,47,5,12,0.140145295
2013,2,32,0,40,0.1787761485
2013,1,7,9,99,0.0845132849
2013,2,47,0,40,0.0545971496
2013,2,47,9,99,0.0854500052
2013,2,47,5,12,0.2406045565
2013,1,75,9,99,0.0562330854
2013,2,7,9,99,0.0990976945
2013,1,20,9,99,0.1022847019
2013,2,7,9,99,0.0696753973
2013,2,20,5,6,0.3550241584
2013,1,47,0,40,0.1770187051
2013,2,65,5,36,0.1353675146
2013,2,75,9,99,0.157736804
2013,2,32,9,99,0.26474616
2013,2,65,9,99,0.0626482456
2013,2,47,5,41,0.1125839307
2013,1,7,9,99,0.0250913314
2013,2,32,5,36,0.1569020315
2013,2,65,5,30,0.064180737
2013,2,75,9,99,0.0730052908
2013,2,75,9,99,0.1791839281
2013,1,65,9,99,0.100880212
2013,2,20,9,99,0.344793714
2013,2,65,5,36,0.0884871971
2013,2,47,0,50,0.060509206
2013,2,47,9,99,0.1410957934
2013,2,65,9,99,0.0605415523
2013,1,47,5,40,0.3463556706
2013,1,20,5,16,0.1790325191
2013,2,47,9,99,0.2500564687
2013,2,32,5,20,0.0244504572
2013,2,20,0,40,0.0822615631
2013,2,7,9,99,0.1739471704
2013,1,75,9,99,0.0702611558
2013,2,20,9,99,0.0647621575
2013,1,32,5,50,0.2204289436
2013,1,32,5,40,0.1855361118
2013,1,47,0,40,0.1496132119
2013,2,65,9,99,0.096149445
2013,2,65,9,99,0.1077541355
2013,1,32,0,45,0.2080928697
2013,2,75,9,99,0.1300248942
2013,2,32,5,40,0.146721589
2013,1,65,5,40,0.2403998735
2013,2,75,9,99,0.0898832774
2013,1,7,9,99,0.1160437498
2013,2,65,9,99,0.062816875
2013,1,65,5,40,0.2945490026
2013,2,65,9,99,0.1329252786
2013,1,32,0,40,0.4183686174
2013,2,32,5,40,0.1092550017
2013,2,47,5,40,0.2229833677
2013,1,75,9,99,0.080261670500000007
2013,2,75,9,99,0.0663292113
2013,1,20,9,99,0.0777181973
2013,1,65,5,40,0.0532786896
2013,2,32,5,10,0.1126413396
2013,2,20,9,99,0.1247046492
2013,1,32,5,40,0.2009846335
2013,1,47,0,10,0.2223944744
2013,2,75,9,99,0.17508065
2013,2,47,5,36,0.2953300671
2013,1,65,9,99,0.2258931027
2013,1,65,9,99,0.3480163034
2013,2,65,9,99,0.0822409934
2013,1,32,0,40,0.2576265204
2013,1,65,9,99,0.0618306223
2013,1,20,9,99,0.1092803241
2013,1,47,5,40,0.2139409606
2013,2,65,9,99,0.0662710142
2013,1,75,9,99,0.0964801559
2013,1,7,9,99,0.0987801799
2013,1,47,5,45,0.1886602077
2013,1,32,9,99,0.0851586333
2013,1,65,9,99,0.0902796303
2013,2,65,9,99,0.0712062204
2013,2,32,5,20,0.1234418144
2013,2,32,9,99,0.1783479252
2013,1,20,9,99,0.288367741
2013,1,20,9,99,0.1188561492
2013,1,47,0,50,0.1111979006
2013,1,7,9,99,0.0653393457
2013,1,75,9,99,0.0904362567
2013,1,65,9,99,0.1184075681
2013,2,65,9,99,0.1380500453
2013,1,7,9,99,0.153459066
2013,1,7,9,99,0.0978515214
2013,1,47,9,99,0.1657613207
2013,1,75,9,99,0.0723145171
2013,1,47,9,99,0.0764460827
2013,1,7,9,99,0.1203958282
2013,2,47,5,49,0.2275680433
2013,1,47,5,0,0.2408393741
2013,1,32,0,20,0.2812941259
2013,2,65,9,99,0.154689794
2013,2,32,0,54,0.0470721398
2013,2,20,9,99,0.065350094
2013,2,75,9,99,0.213024437
2013,1,65,9,99,0.1106124381
2013,2,7,9,99,0.2675667186
2013,2,7,9,99,0.460641941
2013,2,47,5,25,0.1367179796
2013,2,47,9,99,0.0965532588
2013,2,65,9,99,0.1844831884
2013,2,7,9,99,0.1614204289
2013,1,47,0,16,0.1063810626
2013,2,32,9,99,0.1169766253
2013,1,65,9,99,0.0546317976
2013,1,7,9,99,0.2778289425
2013,1,75,9,99,0.0263871503
2013,1,7,9,99,0.1265470412
2013,2,47,9,99,0.1019938788
2013,2,32,9,99,0.146110532
2013,2,75,9,99,0.0187919239
2013,1,32,5,40,0.1685775772
2013,1,75,9,99,0.1000236537
2013,1,32,5,40,0.4170027535
2013,1,75,9,99,0.0689529272
2013,1,65,9,99,0.0212010404
2013,2,75,9,99,0.0276636993
2013,2,47,5,8,0.0336615681
2013,1,20,9,99,0.2915744572
2013,1,7,9,99,0.1201523911
2013,1,47,5,32,0.4711092336
2013,1,20,9,99,0.1833905372
2013,2,7,9,99,0.1703660042
2013,1,65,9,99,0.1559694894
2013,2,7,9,99,0.2936072401
2013,1,65,9,99,0.1778496829
2013,1,20,9,99,0.0881754698
2013,2,75,9,99,0.1578783846
2013,1,75,9,99,0.0652652384
2013,1,75,9,99,0.0545387994
2013,1,7,9,99,0.2256629477
2013,2,65,9,99,0.055876013
2013,2,47,9,99,0.29026538
2013,2,47,9,99,0.2921374254
2013,2,7,9,99,0.1325080621
2013,1,65,0,40,0.0719174769
2013,1,47,9,99,0.2696353151
2013,1,47,5,32,0.1708691038
2013,2,65,0,77,0.2571481339
2013,2,32,5,40,0.096255381
2013,1,20,5,24,0.2394864606
2013,2,75,9,99,0.0584996839
2013,2,32,9,99,0.1407922975
2013,1,7,9,99,0.0823934837
2013,2,32,5,40,0.1423514752
2013,2,65,9,99,0.0430805375
2013,2,20,9,99,0.0603497723
2013,2,32,9,99,0.3019324058
2013,2,65,9,99,0.1509032372
2013,1,32,5,60,0.1023651015
2013,2,47,9,99,0.1372737707
2013,1,47,5,36,0.2291119251
2013,1,47,5,40,0.3226761561
2013,1,65,0,55,0.103940311
2013,1,75,9,99,0.1773774561
2013,1,65,9,99,0.1510462355
2013,1,65,9,99,0.066444708
2013,1,65,5,40,0.0759423039
2013,1,32,5,36,0.2143323885
2013,1,47,5,32,0.0888481742
2013,1,20,9,99,0.3058261505
2013,1,20,9,99,0.1460039784
2013,1,47,5,38,0.1122989989
2013,1,32,0,30,0.1032945994
2013,2,20,9,99,0.2396720635
2013,2,7,9,99,0.2919655158
2013,2,65,9,99,0.1833288734
2013,1,7,9,99,0.1240749653
2013,2,32,9,99,0.2205622979
2013,2,75,9,99,0.1385254533
2013,2,32,5,25,0.2066536957
2013,2,47,9,99,0.1638175402
2013,2,75,9,99,0.1484621453
2013,1,7,9,99,0.0316905406
2013,1,47,5,20,0.1629664468
2013,1,47,5,45,0.0601359625
2013,1,47,5,40,0.0815555337
2013,1,32,9,99,0.1778567693
2013,2,65,9,99,0.3617856184
2013,1,7,9,99,0.2129817667
2013,2,47,5,20,0.249427726
2013,1,47,9,99,0.1888188256
2013,1,20,9,99,0.072190763
2013,2,75,9,99,0.0931933166
2013,2,65,9,99,0.1041927971
2013,2,75,9,99,0.1193351566
2013,1,65,0,70,0.1379482906
2013,1,47,9,99,0.1132070048
2013,1,32,5,40,0.1365484365
2013,1,32,0,0,0.0484840384
2013,1,65,0,40,0.2630620202
2013,1,32,5,20,0.1029040302
2013,2,65,9,99,0.1124889492
2013,1,47,5,40,0.1236824905
2013,1,65,9,99,0.0362251775
2013,2,75,9,99,0.1587912641
2013,2,32,9,99,0.2464475001
2013,2,20,9,99,0.0541943163
2013,2,47,9,99,0.1681335974
2013,2,32,5,20,0.1761152242
2013,2,47,5,30,0.079750714
2013,1,20,9,99,0.1629665341
2013,1,7,9,99,0.0926778424
2013,1,65,5,24,0.1016146127
2013,2,47,9,99,0.2172019063
2013,2,47,5,24,0.1225144709
2013,2,65,9,99,0.2146290252
2013,2,7,9,99,0.1131891743
2013,1,65,5,36,0.2831647662
2013,2,65,0,30,0.092011236800000007
2013,2,65,9,99,0.1187873188
2013,2,65,9,99,0.058809449
2013,2,7,9,99,0.1245839807
2013,2,47,9,99,0.0294360054
2013,2,75,9,99,0.1405323822
2013,1,7,9,99,0.0700147204
2013,1,65,5,40,0.2120548638
2013,1,32,5,32,0.1881227668
2013,2,7,9,99,0.1518086151
2013,1,7,9,99,0.1076141774
2013,2,75,9,99,0.1169368467
2013,2,65,9,99,0.2280174473
2013,1,32,9,99,0.1046575131
2013,2,20,9,99,0.1620273889
2013,2,7,9,99,0.1868533961
2013,2,47,0,40,0.2257062459
2013,2,32,0,17,0.1389748011
2013,2,65,5,36,0.1531441678
2013,2,75,9,99,0.0682257649
2013,2,65,9,99,0.1269040429
2013,2,47,5,20,0.1757790122
2013,1,7,9,99,0.0663223805
2013,2,47,9,99,0.1890828756
2013,1,20,9,99,0.1856190326
2013,2,47,5,40,0.2680968182
2013,1,65,5,36,0.157366602
2013,2,47,5,18,0.0303228717
2013,1,47,5,36,0.0703317004
2013,1,32,5,40,0.3000010932
2013,1,47,0,46,0.1271413266
2013,2,47,5,36,0.1834823476
2013,2,75,9,99,0.0519842446
2013,2,7,9,99,0.0708941038
2013,2,65,9,99,0.095335164
2013,1,75,9,99,0.2695048071
2013,2,47,9,99,0.0851163749
2013,2,7,9,99,0.0979933079
2013,1,32,9,99,0.171143292
2013,2,47,5,12,0.1138344031
2013,2,65,0,50,0.1107572863
2013,1,47,5,50,0.1170127659
2013,2,75,9,99,0.0605238722
2013,1,32,9,99,0.1782678647
2013,2,20,5,40,0.233720598
2013,2,32,0,30,0.0769722495
2013,1,65,9,99,0.0327586508
2013,2,75,9,99,0.1581760007
2013,1,7,9,99,0.0696293317
2013,2,65,5,30,0.1306752291
2013,2,65,9,99,0.0265003789
2013,2,47,5,0,0.0846974152
2013,2,65,5,36,0.1743028542
2013,1,32,5,0,0.0483704587
2013,1,47,5,32,0.0324653994
2013,2,75,9,99,0.0250011902
2013,2,65,5,30,0.0665716243
2013,2,47,5,36,0.1190458637
2013,2,47,5,20,0.1099846275
2013,1,65,0,50,0.0630630017
2013,2,65,0,18,0.1526092887
2013,1,65,9,99,0.1700386191
2013,2,7,9,99,0.125187892
2013,2,75,9,99,0.1186767061
2013,2,7,9,99,0.0827710173
2013,2,20,9,99,0.044653292
2013,1,47,5,36,0.1321746595
2013,1,32,0,30,0.1540146006
2013,2,47,5,20,0.3033672714
2013,2,20,9,99,0.1754299025
2013,2,20,9,99,0.2079941249
2013,2,65,9,99,0.2456528588
2013,2,65,5,28,0.0714573217
2013,1,47,0,45,0.287060062
2013,1,32,5,50,0.1955359284
2013,2,75,9,99,0.0321659638
2013,2,47,5,30,0.2099996425
2013,2,65,9,99,0.0304981324
2013,1,75,9,99,0.0338727007
2013,2,47,5,25,0.2766337043
2013,2,7,9,99,0.2355733607
2013,1,20,9,99,0.1187742599
2013,1,47,0,40,0.0352070971
2013,1,20,9,99,0.045431312
2013,1,47,5,40,0.2456150188
2013,2,47,9,99,0.1603223228
2013,1,47,5,38,0.0898937176
2013,2,47,5,36,0.0512388438
2013,2,32,9,99,0.2110588759
2013,2,47,0,40,0.0926504021
2013,1,7,9,99,0.1333070393
2013,2,65,9,99,0.0742363611
2013,1,65,9,99,0.3180936562
2013,1,7,9,99,0.2548759925
2013,2,7,9,99,0.2433244162
2013,1,20,9,99,0.1836408379
2013,2,75,9,99,0.2060284586
2013,2,32,5,20,0.1822762852
2013,2,32,9,99,0.1928646032
2013,2,65,9,99,0.1535027772
2013,2,65,9,99,0.1419369566
2013,1,7,9,99,0.2601299324
2013,2,75,9,99,0.1011996656
2013,1,65,9,99,0.2506287466
2013,1,7,9,99,0.0802198282
2013,2,65,9,99,0.1815082156
2013,1,47,9,99,0.1305275895
2013,2,65,9,99,0.1233326598
2013,1,32,5,40,0.1934698679
2013,1,47,0,0,0.1569067523
2013,2,47,5,40,0.3638284955
2013,2,47,5,25,0.2562728139
2013,2,75,9,99,0.1215964732
2013,2,47,0,40,0.1832434694
2013,1,7,9,99,0.0857615701
2013,1,32,0,40,0.1299511706
2013,1,75,9,99,0.1532350828
2013,2,65,9,99,0.1389421888
2013,1,7,9,99,0.2180887617
2013,1,75,9,99,0.0718246884
2013,2,75,9,99,0.1365271244
2013,1,32,5,8,0.2701966021
2013,2,65,9,99,0.0765763947
2013,2,32,5,40,0.1150393854
2013,2,7,9,99,0.0535403778
2013,2,47,9,99,0.1211464409
2013,2,75,9,99,0.0673356176
2013,2,47,5,36,0.1340687608
2013,2,7,9,99,0.1328547425
2013,1,7,9,99,0.1605115932
2013,2,20,9,99,0.1867678795
2013,2,65,9,99,0.3675316679
2013,1,20,9,99,0.0545340219
2013,1,47,5,40,0.0949236704
2013,1,7,9,99,0.090629858
2013,1,32,9,99,0.1684339056
2013,2,32,0,35,0.3345124133
2013,1,7,9,99,0.2262116766
2013,2,32,9,99,0.2369259201
2013,2,32,9,99,0.124389875
2013,2,65,5,38,0.1339340742
2013,2,20,9,99,0.0539603153
2013,1,65,9,99,0.1212289197
2013,2,65,9,99,0.0477790766
2013,2,7,9,99,0.039007191
2013,1,47,9,99,0.1169203341
2013,1,32,5,36,0.4095236795
2013,2,7,9,99,0.0264749096
2013,2,65,9,99,0.1245467298
2013,1,32,5,45,0.2585828667
2013,1,20,9,99,0.1787526124
2013,1,32,0,40,0.0710657346
2013,1,20,9,99,0.2007256184
2013,1,7,9,99,0.1731455866
2013,2,65,9,99,0.1144243899
2013,2,7,9,99,0.1149973979
2013,2,47,5,18,0.2011157488
2013,2,47,0,40,0.1593211953
2013,2,75,9,99,0.0752865014
2013,1,65,9,99,0.194350766
2013,1,65,9,99,0.1221204292
2013,2,65,9,99,0.0987941866
2013,2,20,9,99,0.1158247989
2013,1,47,9,99,0.0952466116
2013,1,20,5,20,0.1665334793
2013,2,47,9,99,0.1635920077
2013,2,65,5,36,0.2065713104
2013,2,20,9,99,0.345301531
2013,2,20,5,40,0.1970957125
2013,2,75,9,99,0.1537676308
2013,1,47,5,20,0.0259905529
2013,1,7,9,99,0.4472023092
2013,1,65,0,55,0.0798934811
2013,1,32,9,99,0.1419485069
2013,2,75,9,99,0.0331602854
2013,1,47,9,99,0.1670449984
2013,1,47,5,40,0.2120187812
2013,2,65,9,99,0.2298129749
2013,2,7,9,99,0.1540716064
2013,2,47,9,99,0.3154792331
2013,2,75,9,99,0.1515615771
2013,1,75,9,99,0.1088814863
2013,1,32,9,99,0.1368449134
2013,2,75,9,99,0.0541778371
2013,1,47,0,24,0.1229338752
2013,1,20,9,99,0.0419909098
2013,2,47,5,40,0.2337350627
2013,2,47,5,20,0.1527043862
2013,1,7,9,99,0.1258753936
2013,2,47,5,40,0.1156820375
2013,2,65,9,99,0.1754270785
2013,1,75,9,99,0.0685001793
2013,2,75,9,99,0.0904217349
2013,2,75,9,99,0.2638480736
2013,1,7,9,99,0.2293178908
2013,2,32,9,99,0.090960747
2013,2,47,0,30,0.1504789609
2013,1,32,5,40,0.4165383596
2013,2,32,5,30,0.1671946112
2013,1,65,0,50,0.0633227672
2013,2,32,5,48,0.0620350047
2013,1,47,0,0,0.2199126718
2013,2,20,9,99,0.1982561679
2013,2,47,5,0,0.0497525019
2013,2,7,9,99,0.0708201988
2013,2,75,9,99,0.1261513788
2013,1,47,9,99,0.0963586261
2013,2,47,9,99,0.1413733314
2013,2,32,5,40,0.250914276
2013,1,32,5,55,0.2330300916
2013,1,47,5,24,0.1975122128
2013,2,20,NA,30,0.1613941424
2013,1,32,5,36,0.2253964552
2013,1,32,0,40,0.167955217
2013,1,20,9,99,0.1013683043
2013,2,20,9,99,0.1585876289
2013,2,47,5,37,0.2175935764
2013,2,32,5,25,0.1306777198
2013,2,65,5,0,0.2491903172
2013,1,65,9,99,0.0839782222
2013,1,65,9,99,0.0167614309
2013,2,47,5,40,0.3072530836
2013,1,7,9,99,0.2053462935
2013,2,32,9,99,0.1491704215
2013,2,47,5,0,0.2078530047
2013,1,65,0,53,0.2102439
2013,2,75,9,99,0.0744382954
2013,1,47,0,0,0.1111728169
2013,2,32,0,24,0.1801053428
2013,2,32,9,99,0.223964091
2013,2,7,9,99,0.1298368079
2013,2,65,9,99,0.0928865915
2013,1,7,9,99,0.1798207612
2013,2,75,9,99,0.0411090763
2013,1,7,9,99,0.0828852711
2013,2,65,9,99,0.2823898489
2013,2,7,9,99,0.1200517303
2013,2,32,5,36,0.2190266455
2013,1,20,5,0,0.0547742938
2013,2,20,9,99,0.0683380696
2013,2,32,5,40,0.1109552871
2013,1,65,9,99,0.0997071941
2013,2,65,9,99,0.2324118432
2013,2,47,0,20,0.1689559942
2013,2,65,5,6,0.1617481842
2013,2,20,9,99,0.0769685609
2013,2,65,9,99,0.0347676912
2013,1,7,9,99,0.1757317302
2013,2,65,9,99,0.1734613142
2013,2,47,9,99,0.0549760715
2013,2,32,5,0,0.3651319622
2013,1,47,5,30,0.1761745601
2013,2,47,5,40,0.1897754871
2013,1,65,9,99,0.1872315384
2013,2,32,5,38,0.2969291536
2013,1,32,9,99,0.1730545176
2013,2,32,9,99,0.1926817152
2013,2,7,9,99,0.1316777917
2013,1,7,9,99,0.0633620245
2013,2,75,9,99,0.0493762323
2013,1,47,5,38,0.0953915322
2013,1,65,9,99,0.0853836592
2013,1,75,9,99,0.0964677123
2013,1,47,9,99,0.3059451426
2013,1,65,9,99,0.0869561082
2013,1,32,0,40,0.040676914
2013,1,65,9,99,0.081325962
2013,2,32,9,99,0.1850793672
2013,2,47,5,40,0.1924183506
2013,1,7,9,99,0.0210233842
2013,1,65,5,50,0.4591305232
2013,2,32,5,24,0.4154052222
2013,1,65,9,99,0.0823071779
2013,1,65,9,99,0.1770830351
2013,1,20,9,99,0.1742493908
2013,1,65,5,45,0.0845213145
2013,1,65,0,NA,0.1591396337
2013,2,47,5,46,0.1825988513
2013,1,47,5,20,0.1771544422
2013,2,75,9,99,0.0830062309
2013,2,65,9,99,0.1568847472
2013,1,20,5,20,0.074363791
2013,1,65,9,99,0.2101620997
2013,2,7,9,99,0.1563597918
2013,2,65,9,99,0.1320658324
2013,1,65,9,99,0.1227358372
2013,2,47,5,36,0.2875467798
2013,1,32,5,25,0.3420891243
2013,1,47,5,40,0.1361766127
2013,1,47,5,36,0.1454343236
2013,1,47,5,36,0.104421367
2013,1,65,9,99,0.1453443416
2013,1,32,5,0,0.0988569024
2013,1,7,9,99,0.161745716
2013,2,47,9,99,0.1675199314
2013,2,20,9,99,0.1449217109
2013,1,7,9,99,0.1865507357
2013,2,75,9,99,0.0964047768
2013,1,32,5,16,0.2545873381
2013,2,65,5,20,0.2077319427
2013,1,32,5,40,0.113502823
2013,2,47,9,99,0.1341400054
2013,2,32,5,15,0.1109223145
2013,1,20,9,99,0.1902317353
2013,1,47,5,36,0.0857036723
2013,2,7,9,99,0.2683270577
2013,1,47,5,18,0.0505530419
2013,1,7,9,99,0.0918365967
2013,2,65,9,99,0.1163695429
2013,1,75,9,99,0.038334084
2013,2,65,9,99,0.0852814388
2013,2,32,5,24,0.1077207082
2013,1,65,9,99,0.1338443592
2013,2,7,9,99,0.1514576914
2013,2,47,9,99,0.0912429225
2013,1,47,5,40,0.2511387623
2013,2,47,5,0,0.0866913373
2013,2,75,9,99,0.1208105716
2013,1,65,9,99,0.2342531038
2013,1,7,9,99,0.1301747863
2013,2,75,9,99,0.1024362723
2013,1,47,5,0,0.1378408447
2013,1,65,0,30,0.0629967674
2013,2,47,5,25,0.1810791176
2013,2,7,9,99,0.1395211547
2013,1,32,9,99,0.1217088665
2013,2,32,5,35,0.2686541306
2013,1,47,5,40,0.0942768103
2013,2,65,9,99,0.1990810126
2013,2,75,9,99,0.2002767603
2013,2,65,9,99,0.0821763552
2013,2,47,5,25,0.206168033
2013,1,65,9,99,0.0850618865
2013,1,65,5,40,0.0994961483
2013,2,65,9,99,0.0719636424
2013,1,7,9,99,0.2113039976
2013,2,7,9,99,0.1533204214
2013,1,75,9,99,0.0476346821
2013,2,32,5,40,0.3108625364
2013,1,65,9,99,0.1557508333
2013,2,47,5,40,0.1154592805
2013,2,75,9,99,0.0261140585
2013,1,65,9,99,0.1235633435
2013,1,75,9,99,0.0528752687
2013,2,65,5,40,0.2265946262
2013,2,47,5,15,0.141873739
2013,2,7,9,99,0.0706559967
2013,1,65,9,99,0.1369803279
2013,2,65,9,99,0.0784836929
2013,2,65,9,99,0.1487881194
2013,2,20,9,99,0.1639239493
2013,1,65,5,55,0.0902889022
2013,1,65,9,99,0.3210000568
2013,1,65,5,40,0.2461244682
2013,2,32,9,99,0.1145912428
2013,2,65,5,20,0.1150948554
2013,1,65,5,18,0.1505341982
2013,2,32,5,20,0.2746552932
2013,2,47,9,99,0.0940389137
2013,2,47,5,20,0.2587328949
2013,1,65,9,99,0.0989069756
2013,2,47,5,10,0.1124390332
2013,2,75,9,99,0.1573006826
2013,1,32,9,99,0.2903316583
2013,2,47,9,99,0.3192924978
2013,2,32,5,0,0.0672504242
2013,1,47,5,36,0.2468385848
2013,2,47,5,0,0.192652023
2013,2,65,9,99,0.3061360649
2013,2,20,9,99,0.1415532356
2013,2,7,9,99,0.0920204185
2013,2,47,5,0,0.2892171529
2013,1,75,9,99,0.0578016934
2013,1,47,5,40,0.2024560118
2013,1,75,9,99,0.1227343348
2013,2,65,9,99,0.0972867549
2013,1,47,5,40,0.2503640094
2013,1,32,0,63,0.1459628711
2013,1,32,5,40,0.2416602482
2013,1,65,9,99,0.1038512882
2013,1,7,9,99,0.1314041993
2013,1,7,9,99,0.1489621761
2013,2,65,9,99,0.0588015351
2013,1,32,5,40,0.0933907947
2013,2,65,9,99,0.0871466004
2013,1,65,0,40,0.1238460298
2013,1,47,5,40,0.1513001224
2013,2,7,9,99,0.0685615226
2013,1,20,5,40,0.0314439406
2013,1,32,5,40,0.0953419975
2013,1,7,9,99,0.0418340374
2013,1,65,9,99,0.1098257226
2013,1,47,5,18,0.1994504785
2013,2,47,9,99,0.057372983
2013,2,32,5,40,0.0368669963
2013,2,32,5,30,0.113493325
2013,2,32,9,99,0.3710309305
2013,2,32,5,20,0.1153640674
2013,2,32,5,8,0.0985277022
2013,2,32,5,70,0.1796922508
2013,2,32,5,40,0.0538551028
2013,2,32,9,99,0.2891642909
2013,1,47,5,18,0.1907999039
2013,1,20,9,99,0.1707511244
2013,2,65,9,99,0.2595114314
2013,1,65,5,36,0.1506591056
2013,1,7,9,99,0.2184449719
2013,1,20,9,99,0.1509368091
2013,1,65,5,36,0.1110212497
2013,1,47,5,40,0.1167599231
2013,2,20,9,99,0.1591124915
2013,1,20,5,40,0.2076961434
2013,1,32,5,36,0.0394013016
2013,1,65,5,40,0.2152986242
2013,2,7,9,99,0.1325306514
2013,2,20,9,99,0.1316642672
2013,2,32,9,99,0.3652478625
2013,2,20,9,99,0.1107185154
2013,1,65,9,99,0.149291543
2013,2,7,9,99,0.2203694571
2013,1,65,9,99,0.0390772001
2013,1,20,9,99,0.026614939
2013,1,65,9,99,0.1611294886
2013,2,32,5,25,0.3238851547
2013,2,65,9,99,0.1696494574
2013,2,65,9,99,0.136269128
2013,1,47,5,32,0.1796038849
2013,2,65,5,40,0.1144001608
2013,1,47,5,40,0.1909683797
2013,1,47,5,37,0.164830557
2013,1,65,5,40,0.0725924532
2013,2,32,9,99,0.1773435482
2013,1,47,5,40,0.1423533359
2013,1,20,9,99,0.0673550279
2013,1,65,9,99,0.1999368282
2013,2,65,9,99,0.104693478
2013,1,7,9,99,0.2410593939
2013,1,20,9,99,0.0705415739
2013,1,75,9,99,0.0703310676
2013,1,65,9,99,0.0550665332
2013,1,20,9,99,0.1065867992
2013,2,20,9,99,0.0972874935
2013,1,20,9,99,0.0864733709
2013,1,32,9,99,0.2333878589
2013,2,65,9,99,0.089928498
2013,2,47,5,22,0.0698803461
2013,1,32,9,99,0.0786225524
2013,1,20,9,99,0.0842388867
2013,2,47,5,0,0.0780730994
2013,2,47,5,38,0.1516173582
2013,1,65,9,99,0.2842029878
2013,1,32,9,99,0.2836178088
2013,2,65,9,99,0.1808441992
2013,1,65,9,99,0.0489815155
2013,2,65,9,99,0.1079051704
2013,1,47,9,99,0.1376594857
2013,2,20,9,99,0.307903053
2013,2,47,5,36,0.2191706804
2013,2,65,5,10,0.2216892002
2013,2,75,9,99,0.1011156774
2013,1,65,9,99,0.079736878
2013,2,7,9,99,0.3393689059
2013,2,65,0,36,0.1370194659
2013,1,65,9,99,0.1056033972
2013,2,75,9,99,0.1137210957
2013,2,65,5,40,0.139843765
2013,1,7,9,99,0.1040428001
2013,2,32,5,40,0.2153562207
2013,1,7,9,99,0.1078248862
2013,1,65,9,99,0.0418765589
2013,2,65,9,99,0.1897528229
2013,2,47,5,36,0.1478360113
2013,1,47,5,26,0.1667431902
2013,1,47,5,36,0.3242104404
2013,1,20,9,99,0.1478901087
2013,2,32,5,40,0.0795262896
2013,1,7,9,99,0.0874776546
2013,1,47,9,99,0.0811084146
2013,1,20,9,99,0.2084308882
2013,1,32,9,99,0.161896297
2013,1,65,5,0,0.1234800508
2013,1,32,0,40,0.1463890304
2013,1,65,9,99,0.1173355545
2013,1,47,5,38,0.1318996713
2013,1,65,0,19,0.0962392781
2013,2,47,5,34,0.2475370567
2013,1,65,9,99,0.0269689133
2013,1,7,9,99,0.2286728946
2013,2,65,9,99,0.1151970279
2013,1,47,9,99,0.1436289231
2013,2,75,9,99,0.2127052559
2013,1,47,5,40,0.0612019116
2013,1,7,9,99,0.1121649874
2013,2,65,9,99,0.0548148009
2013,2,7,9,99,0.2086144568
2013,2,47,9,99,0.0844988663
2013,1,47,5,36,0.1358577361
2013,1,32,5,40,0.1944066405
2013,2,32,9,99,0.2296220622
2013,1,32,9,99,0.1575417893
2013,2,75,9,99,0.1645443109
2013,1,20,9,99,0.0774398102
2013,2,65,0,30,0.1814910951
2013,2,75,9,99,0.0912769019
2013,2,47,5,36,0.0914613824
2013,2,75,9,99,0.0358243771
2013,1,65,9,99,0.1895857624
2013,2,47,5,18,0.2033551983
2013,1,32,9,99,0.1260778589
2013,1,65,9,99,0.114033098
2013,1,47,5,40,0.1078670347
2013,2,7,9,99,0.0265599924
2013,2,47,5,36,0.2608834016
2013,2,47,5,18,0.1547952145
2013,2,20,9,99,0.0584779384
2013,1,20,5,40,0.1352460368
2013,1,47,0,55,0.1181124937
2013,1,65,9,99,0.0932808628
2013,2,65,9,99,0.0924343302
2013,2,75,9,99,0.1389025945
2013,2,65,9,99,0.137329143
2013,1,65,5,36,0.1443102809
2013,2,75,9,99,0.1263091676
2013,2,32,5,0,0.5135954991
2013,2,75,9,99,0.0580636832
2013,1,32,5,40,0.1002289554
2013,2,20,9,99,0.1992448051
2013,2,32,9,99,0.1040762843
2013,1,65,9,99,0.167003933
2013,1,20,9,99,0.1059709129
2013,2,65,5,36,0.0852651083
2013,2,65,9,99,0.154594737
2013,1,32,5,36,0.1918709513
2013,2,7,9,99,0.1455224559
2013,2,47,9,99,0.1243471095
2013,2,47,9,99,0.2231825729
2013,2,65,9,99,0.0219052772
2013,2,47,5,37,0.2196849302
2013,1,32,9,99,0.1062376974
2013,2,65,9,99,0.0515155743
2013,1,47,5,32,0.1771937308
2013,2,47,0,60,0.2346770185
2013,2,32,5,0,0.1093371771
2013,2,65,5,0,0.1910681808
2013,1,65,9,99,0.2128789657
2013,1,7,9,99,0.1214866645
2013,1,32,5,40,0.0639347515
2013,2,32,5,10,0.1834475845
2013,1,7,9,99,0.1316309853
2013,1,32,9,99,0.2310935304
2013,2,47,0,40,0.1101250851
2013,2,47,9,99,0.0931508122
2013,2,7,9,99,0.1923019238
2013,2,20,9,99,0.1347448677
2013,1,32,0,40,0.1471635334
2013,2,32,5,40,0.1426026153
2013,1,32,5,0,0.1713447517
2013,1,7,9,99,0.156496173
2013,1,65,9,99,0.0240157141
2013,2,20,9,99,0.1612474909
2013,1,32,5,40,0.0952312412
2013,2,65,9,99,0.1777620912
2013,1,7,9,99,0.0930050179
2013,1,32,5,40,0.3292494065
2013,1,47,0,0,0.0938180763
2013,2,47,5,9,0.2244597643
2013,2,47,5,45,0.0611180301
2013,1,7,9,99,0.144460857
2013,2,32,9,99,0.1284303291
2013,2,20,9,99,0.2695706403
2013,2,7,9,99,0.1559322914
2013,2,20,9,99,0.1613678955
2013,1,32,5,10,0.2317083279
2013,2,47,9,99,0.2432386953
2013,2,7,9,99,0.1202293265
2013,2,47,5,36,0.2536430391
2013,2,47,9,99,0.1496370652
2013,2,47,9,99,0.27424730939999997
2013,2,65,9,99,0.0648985883
2013,1,47,0,40,0.2780133786
2013,1,32,9,99,0.2364404829
2013,2,32,0,25,0.0933730739
2013,2,65,9,99,0.0910561334
2013,1,7,9,99,0.2438584549
2013,2,32,0,35,0.1600302912
2013,2,47,5,0,0.196025692
2013,2,7,9,99,0.2456332845
2013,1,47,5,36,0.1861239159
2013,2,47,9,99,0.1165498939
2013,1,32,0,40,0.1562905772
2013,1,75,9,99,0.0549658184
2013,1,47,9,99,0.1075058968
2013,2,32,9,99,0.2074676746
2013,2,47,9,99,0.2983211058
2013,1,32,9,99,0.2459745479
2013,2,65,9,99,0.1290365885
2013,2,32,5,55,0.2944367504
2013,2,47,9,99,0.1003454935
2013,2,65,9,99,0.1527795088
2013,1,20,9,99,0.0711072311
2013,2,47,5,32,0.2731476331
2013,2,65,9,99,0.0801103252
2013,2,65,9,99,0.1870273204
2013,1,65,9,99,0.0556982534
2013,2,20,9,99,0.1283047002
2013,2,75,9,99,0.0913467593
2013,1,20,9,99,0.137708124
2013,2,47,9,99,0.1681355224
2013,1,7,9,99,0.0453440094
2013,2,47,9,99,0.067815312
2013,2,75,9,99,0.0529329336
2013,1,32,0,10,0.1931226354
2013,2,47,5,24,0.0545893772
2013,1,47,0,60,0.2723968848
2013,1,75,9,99,0.1525968973
2013,1,65,9,99,0.0671355037
2013,1,7,9,99,0.2241283496
2013,2,7,9,99,0.1562051559
2013,1,47,0,50,0.1064636956
2013,1,75,9,99,0.0777464417
2013,2,75,9,99,0.217603499
2013,2,32,9,99,0.072612619
2013,1,47,5,40,0.1743479936
2013,1,65,5,50,0.14098026860000001
2013,2,7,9,99,0.2628317622
2013,2,47,9,99,0.1754704295
2013,2,7,9,99,0.1547176673
2013,1,65,9,99,0.258848686
2013,2,32,5,30,0.3166682988
2013,2,75,9,99,0.0458394896
2013,2,65,9,99,0.0451921275
2013,2,65,9,99,0.1637587311
2013,2,32,5,0,0.0780666663
2013,1,32,5,40,0.0442490987
2013,1,7,9,99,0.1388660976
2013,2,32,9,99,0.0676775882
2013,1,32,0,50,0.299636442
2013,2,47,5,24,0.0343626579
2013,2,65,9,99,0.0457750879
2013,1,75,9,99,0.0691782083
2013,2,75,9,99,0.0771297116
2013,2,20,9,99,0.2258151382
2013,2,47,9,99,0.1015794819
2013,1,65,9,99,0.1819087305
2013,2,65,9,99,0.0718277182
2013,2,7,9,99,0.2088816216
2013,1,7,9,99,0.0585945274
2013,1,65,0,50,0.097623206
2013,2,47,9,99,0.0951592613
2013,2,47,5,20,0.2047897359
2013,1,32,5,40,0.2586423428
2013,1,32,9,99,0.1192070789
2013,1,47,9,99,0.1635924069
2013,2,32,9,99,0.0861773501
2013,2,32,9,99,0.05929293
2013,1,65,9,99,0.0819650065
2013,1,65,0,40,0.0742747527
2013,1,20,9,99,0.1928854306
2013,2,65,9,99,0.1312023005
2013,1,75,9,99,0.0538507011
2013,1,47,5,36,0.0421423444
2013,1,32,5,40,0.1538731993
2013,1,47,5,0,0.0686046794
2013,2,32,9,99,0.1972361831
2013,2,75,9,99,0.2131627167
2013,1,75,9,99,0.01557651
2013,1,65,0,40,0.2004121262
2013,2,47,5,27,0.1062129094
2013,1,32,5,40,0.1837598034
2013,1,7,9,99,0.0641727693
2013,2,7,9,99,0.0960178623
2013,2,20,9,99,0.2300397154
2013,1,7,9,99,0.0418199721
2013,1,65,9,99,0.0831274927
2013,2,32,5,20,0.0697339316
2013,1,47,9,99,0.1034456006
2013,2,65,5,40,0.2006908957
2013,2,65,9,99,0.0393777156
2013,1,75,9,99,0.1564262703
2013,1,47,5,40,0.1118449209
2013,1,75,9,99,0.0433880391
2013,1,32,9,99,0.2562080582
2013,2,65,9,99,0.1323153362
2013,2,32,0,0,0.4308931985
2013,2,32,9,99,0.3749539443
2013,2,47,5,6,0.0588474993
2013,1,65,9,99,0.0592658676
2013,1,7,9,99,0.0554903246
2013,1,47,5,36,0.2053934264
2013,1,20,9,99,0.2765675233
2013,1,20,9,99,0.2968076869
2013,1,47,0,60,0.0862794376
2013,1,47,5,25,0.0656554153
2013,2,65,9,99,0.075013112
2013,2,65,9,99,0.033081126
2013,1,7,9,99,0.2009272475
2013,1,7,9,99,0.1182807474
2013,2,32,9,99,0.0771782762
2013,2,65,9,99,0.0635482218
2013,2,47,9,99,0.1524812603
2013,1,65,0,35,0.237649563
2013,1,32,5,32,0.1919098262
2013,2,75,9,99,0.0870505318
